[
  {
    "id": "1d6d9177-0430-4025-8be7-767bd333a263",
    "data": [
      {
        "text": "member of ai skunkworks",
        "userDefined": false
      }
    ],
    "isTemplate": false,
    "count": 0
  },
  {
    "id": "b8d5eb1c-bc2e-4a6b-b4c5-c627d0030d98",
    "data": [
      {
        "text": "member of skunkworks",
        "userDefined": false
      }
    ],
    "isTemplate": false,
    "count": 0
  },
  {
    "id": "4abc65e0-0932-4b71-bd62-fa263e65fd40",
    "data": [
      {
        "text": "part of Ai skunkworks",
        "userDefined": false
      }
    ],
    "isTemplate": false,
    "count": 0
  },
  {
    "id": "55b9b0db-232d-453f-beab-bd5ccff2061b",
    "data": [
      {
        "text": "part of AI Skunkwork",
        "userDefined": false
      }
    ],
    "isTemplate": false,
    "count": 0
  },
  {
    "id": "1ab6c053-a7b3-46f7-aed3-2a409763fbcd",
    "data": [
      {
        "text": "how do I become a part of skunkworks",
        "userDefined": false
      }
    ],
    "isTemplate": false,
    "count": 0
  },
  {
    "id": "e69d76de-a808-4a68-b8dd-5f4e936e08b0",
    "data": [
      {
        "text": "tell me more about ",
        "userDefined": false
      },
      {
        "text": "socialbutterfly",
        "alias": "skunkwork",
        "meta": "@skunkwork",
        "userDefined": false
      }
    ],
    "isTemplate": false,
    "count": 0
  },
  {
    "id": "a1827698-088a-4f15-8acc-7187ba3d9962",
    "data": [
      {
        "text": "tell me more about ",
        "userDefined": false
      },
      {
        "text": "capsule networks",
        "alias": "skunkwork",
        "meta": "@skunkwork",
        "userDefined": false
      }
    ],
    "isTemplate": false,
    "count": 0
  },
  {
    "id": "a65e1bca-37e4-4d05-8770-1978a806bc5a",
    "data": [
      {
        "text": "tell me more about ",
        "userDefined": false
      },
      {
        "text": "hyperparameters",
        "alias": "skunkwork",
        "meta": "@skunkwork",
        "userDefined": false
      }
    ],
    "isTemplate": false,
    "count": 0
  },
  {
    "id": "37332332-a88b-49a8-958c-6e49de19188a",
    "data": [
      {
        "text": "tell me more about ",
        "userDefined": false
      },
      {
        "text": "social butterfly",
        "alias": "skunkwork",
        "meta": "@skunkwork",
        "userDefined": false
      }
    ],
    "isTemplate": false,
    "count": 0
  },
  {
    "id": "d5613623-cf9d-4e12-b397-03914cbe6a89",
    "data": [
      {
        "text": "tell me about ",
        "userDefined": false
      },
      {
        "text": "aladdin",
        "alias": "skunkwork",
        "meta": "@skunkwork",
        "userDefined": false
      }
    ],
    "isTemplate": false,
    "count": 0
  }
]