[
  {
    "id": "1fa1f887-427a-4aea-a033-b8e591952432",
    "data": [
      {
        "text": "skunkworks",
        "userDefined": false
      }
    ],
    "isTemplate": false,
    "count": 0
  },
  {
    "id": "5fc17deb-e277-48f6-99b2-a5b44769c782",
    "data": [
      {
        "text": "AI Skunkworks",
        "userDefined": false
      }
    ],
    "isTemplate": false,
    "count": 0
  },
  {
    "id": "a53866df-b365-427c-9e33-386fad0597f2",
    "data": [
      {
        "text": "what is ai skunkworks about",
        "userDefined": false
      }
    ],
    "isTemplate": false,
    "count": 0
  },
  {
    "id": "ac123433-5f3f-4168-80ea-4b2d0df89649",
    "data": [
      {
        "text": "what is ai skunkworks",
        "userDefined": false
      }
    ],
    "isTemplate": false,
    "count": 0
  }
]