[
  {
    "id": "a8816dd5-e050-4b5c-aebd-ae5ec846f738",
    "data": [
      {
        "text": "tell me more",
        "userDefined": false
      }
    ],
    "isTemplate": false,
    "count": 0
  },
  {
    "id": "d6f05682-c933-4c26-8e01-51251468ffc1",
    "data": [
      {
        "text": "whom should i contact to enroll in ",
        "userDefined": false
      },
      {
        "text": "al-addin",
        "alias": "skunkwork",
        "meta": "@skunkwork",
        "userDefined": false
      }
    ],
    "isTemplate": false,
    "count": 0
  },
  {
    "id": "4482bce7-4e92-4b0f-9550-b31286f95610",
    "data": [
      {
        "text": "what is this project about",
        "userDefined": false
      }
    ],
    "isTemplate": false,
    "count": 0
  },
  {
    "id": "19eb9a15-ef25-4693-b3da-3dde45ef5a37",
    "data": [
      {
        "text": "how do i enroll in ",
        "userDefined": false
      },
      {
        "text": "al-addin",
        "alias": "skunkwork",
        "meta": "@skunkwork",
        "userDefined": false
      }
    ],
    "isTemplate": false,
    "count": 0
  },
  {
    "id": "f3c310f8-09a6-4d67-930f-73f93f7705c8",
    "data": [
      {
        "text": "what is ",
        "userDefined": false
      },
      {
        "text": "al-addin",
        "alias": "skunkwork",
        "meta": "@skunkwork",
        "userDefined": false
      },
      {
        "text": " about",
        "userDefined": false
      }
    ],
    "isTemplate": false,
    "count": 0
  },
  {
    "id": "32ca52fc-8c8d-4fbe-b17e-8fc1f835fb46",
    "data": [
      {
        "text": "What is ",
        "userDefined": false
      },
      {
        "text": "al-addin",
        "alias": "skunkwork",
        "meta": "@skunkwork",
        "userDefined": false
      }
    ],
    "isTemplate": false,
    "count": 0
  }
]