[
  {
    "id": "7459641c-dd97-40cd-b0d7-df1f7a54ddcb",
    "data": [
      {
        "text": "idea",
        "userDefined": false
      }
    ],
    "isTemplate": false,
    "count": 0
  },
  {
    "id": "dc4693e5-719c-49a8-a92b-edd1b6880be2",
    "data": [
      {
        "text": "i have project idea",
        "userDefined": false
      }
    ],
    "isTemplate": false,
    "count": 0
  },
  {
    "id": "989ca7ed-834e-406b-a812-c7b13de8298d",
    "data": [
      {
        "text": "i have an idea",
        "userDefined": false
      }
    ],
    "isTemplate": false,
    "count": 0
  },
  {
    "id": "5afbb8c6-b589-428e-b99b-e63e734a646f",
    "data": [
      {
        "text": "I have a project idea, how do i discuss with the skunkwork team?",
        "userDefined": false
      }
    ],
    "isTemplate": false,
    "count": 0
  },
  {
    "id": "145ec4fe-5ff3-4bce-9606-d127dcb93933",
    "data": [
      {
        "text": "skunkworks contact",
        "userDefined": false
      }
    ],
    "isTemplate": false,
    "count": 0
  },
  {
    "id": "b6f93199-2cb6-4bff-8048-b2198014fc22",
    "data": [
      {
        "text": "twitter",
        "alias": "contact_info",
        "meta": "@contact_info",
        "userDefined": false
      }
    ],
    "isTemplate": false,
    "count": 0
  },
  {
    "id": "cc0d9a2a-aa6b-49db-ba94-c88f54bcfc6f",
    "data": [
      {
        "text": "linkedin",
        "alias": "contact_info",
        "meta": "@contact_info",
        "userDefined": false
      }
    ],
    "isTemplate": false,
    "count": 0
  },
  {
    "id": "6036094f-37ae-4aac-84b3-0b052b4fda29",
    "data": [
      {
        "text": "what is skunkworks ",
        "userDefined": false
      },
      {
        "text": "twitter handle",
        "alias": "contact_info",
        "meta": "@contact_info",
        "userDefined": false
      }
    ],
    "isTemplate": false,
    "count": 0
  },
  {
    "id": "a2060b81-2c2e-4b9c-8d6f-009df58995a4",
    "data": [
      {
        "text": "What is skunkworks ",
        "userDefined": false
      },
      {
        "text": "linkedin",
        "alias": "contact_info",
        "meta": "@contact_info",
        "userDefined": false
      },
      {
        "text": " contact",
        "userDefined": false
      }
    ],
    "isTemplate": false,
    "count": 0
  }
]