[
  {
    "id": "4fb9defd-1bd0-4e80-a314-b5703a9f4427",
    "data": [
      {
        "text": "i don\u0027t want to study",
        "userDefined": false
      }
    ],
    "isTemplate": false,
    "count": 0
  },
  {
    "id": "4eb250e5-e7bc-4458-9cd9-4a31fc9049df",
    "data": [
      {
        "text": "why should i study",
        "userDefined": false
      }
    ],
    "isTemplate": false,
    "count": 0
  },
  {
    "id": "d621c6e8-fa24-4dae-abdc-2a0330ae8962",
    "data": [
      {
        "text": "i dont want to study",
        "userDefined": false
      }
    ],
    "isTemplate": false,
    "count": 0
  },
  {
    "id": "53bec013-022f-49c7-b3df-26bf395e83f5",
    "data": [
      {
        "text": "should i study",
        "userDefined": false
      }
    ],
    "isTemplate": false,
    "count": 1
  },
  {
    "id": "3adae0b0-e117-4be7-8796-500666735e9b",
    "data": [
      {
        "text": "should i be studying",
        "userDefined": false
      }
    ],
    "isTemplate": false,
    "count": 1
  }
]