[
  {
    "id": "39bf9466-a60d-4494-8bc6-4931a2503c18",
    "data": [
      {
        "text": "skun pro",
        "meta": "@sys.ignore",
        "userDefined": true
      }
    ],
    "isTemplate": false,
    "count": 1,
    "updated": 0
  },
  {
    "id": "d5fa1001-18cf-406e-ac5c-0ffa0cd2044a",
    "data": [
      {
        "text": "can you tell me the ",
        "userDefined": false
      },
      {
        "text": "projects",
        "alias": "skunkwork",
        "meta": "@skunkwork",
        "userDefined": true
      }
    ],
    "isTemplate": false,
    "count": 0
  },
  {
    "id": "d169062d-1eb6-4a1a-900f-ac133011261d",
    "data": [
      {
        "text": "I want to work on a ",
        "userDefined": false
      },
      {
        "text": "project",
        "alias": "skunkwork",
        "meta": "@skunkwork",
        "userDefined": true
      }
    ],
    "isTemplate": false,
    "count": 1
  },
  {
    "id": "4e3a87ed-5c54-4bd2-8f5e-5c07085d0d03",
    "data": [
      {
        "text": "what are the ",
        "userDefined": false
      },
      {
        "text": "skunkwork projects",
        "alias": "skunkwork",
        "meta": "@skunkwork",
        "userDefined": true
      }
    ],
    "isTemplate": false,
    "count": 1
  },
  {
    "id": "5fd0367e-f6e2-4ed5-966e-bdfb06d40044",
    "data": [
      {
        "text": "What are the projects",
        "userDefined": false
      }
    ],
    "isTemplate": false,
    "count": 0
  },
  {
    "id": "fce1e823-4765-4ef8-a1c4-b2f0c336728f",
    "data": [
      {
        "text": "I would like to do a project",
        "userDefined": false
      }
    ],
    "isTemplate": false,
    "count": 0
  }
]