[
  {
    "value": "Social Butterfly",
    "synonyms": [
      "social",
      "butterfly",
      "chatbot",
      "socialbutterfly",
      "Socialbutterfly",
      "bot",
      "social-butte",
      "Social Butte",
      "Social Butterfly"
    ]
  },
  {
    "value": "Al-Addin",
    "synonyms": [
      "Al-addin",
      "Aladdin",
      "aladin",
      "al-adin",
      "aldin",
      "aladdin",
      "Al-Addin"
    ]
  },
  {
    "value": "Capsule Networks",
    "synonyms": [
      "Capsule Networks",
      "capsule networks",
      "capsule",
      "networks"
    ]
  },
  {
    "value": "Hyperparameter Database",
    "synonyms": [
      "Hyper",
      "Hyperparameter Database",
      "database",
      "hyperparameter",
      "hyperparameters"
    ]
  }
]